{"cameraMode":{"drawMode":0,"name":"Shaded","section":"Shading Mode"},"sceneLighting":false,"audioPlay":false,"sceneViewState":{"m_AlwaysRefresh":false,"showFog":true,"showSkybox":false,"showFlares":true,"showImageEffects":true,"showParticleSystems":true,"showVisualEffectGraphs":true,"m_FxEnabled":true},"in2DMode":false,"pivot":{"x":0.349517822265625,"y":1.4828130006790162,"z":-0.20215684175491334},"rotation":{"x":0.27178674936294558,"y":-0.6262969374656677,"z":0.24761313199996949,"w":0.6874421834945679},"size":1.3670246601104737,"orthographic":false}