{"cameraMode":{"drawMode":0,"name":"Shaded","section":"Shading Mode"},"sceneLighting":false,"audioPlay":false,"sceneViewState":{"m_AlwaysRefresh":false,"showFog":true,"showSkybox":false,"showFlares":true,"showImageEffects":true,"showParticleSystems":true,"showVisualEffectGraphs":true,"m_FxEnabled":true},"in2DMode":false,"pivot":{"x":0.19569090008735658,"y":-0.3995807468891144,"z":0.6697877645492554},"rotation":{"x":0.23408742249011994,"y":0.3335334360599518,"z":-0.0858764573931694,"w":0.9091699719429016},"size":0.4748413562774658,"orthographic":false}